[
  {
    "id": "68a3e9ee-8266-46d2-83e3-9525cdbca218",
    "data": [
      {
        "text": "Iris",
        "meta": "@sys.ignore",
        "userDefined": false
      }
    ],
    "isTemplate": false,
    "count": 0,
    "updated": 1528195137
  },
  {
    "id": "1fb81438-a06c-4861-b653-c2fa846c51fc",
    "data": [
      {
        "text": "hello",
        "userDefined": false
      }
    ],
    "isTemplate": false,
    "count": 0,
    "updated": 1528195137
  },
  {
    "id": "17b4c54e-3c5a-4155-8954-05626f6a6ef5",
    "data": [
      {
        "text": "hi",
        "userDefined": false
      }
    ],
    "isTemplate": false,
    "count": 0,
    "updated": 1528195137
  },
  {
    "id": "9abf2929-5cfc-4ae0-b8ce-ec32ebc17e22",
    "data": [
      {
        "text": "Xin chào",
        "userDefined": false
      }
    ],
    "isTemplate": false,
    "count": 1,
    "updated": 1528195137
  }
]