[
  {
    "id": "f947d203-68c4-4bd7-a1ef-b3eb76e83212",
    "data": [
      {
        "text": "goi 3tr-ttr",
        "userDefined": false
      }
    ],
    "isTemplate": false,
    "count": 0,
    "updated": 1528271851
  },
  {
    "id": "eb3bfb4f-8cf6-45ce-b725-62c61a6cb364",
    "data": [
      {
        "text": "Gói ",
        "userDefined": false
      },
      {
        "text": "3tr-5tr",
        "alias": "budget",
        "meta": "@budget",
        "userDefined": false
      }
    ],
    "isTemplate": false,
    "count": 0,
    "updated": 1528271851
  },
  {
    "id": "8c2777c3-30f9-4163-93ca-b9520af42f74",
    "data": [
      {
        "text": "Gói",
        "userDefined": false
      }
    ],
    "isTemplate": false,
    "count": 0,
    "updated": 1528271851
  }
]