[
  {
    "id": "28f3a30b-c3f8-4f51-96e0-749906135861",
    "data": [
      {
        "text": "toi chac chan",
        "userDefined": false
      }
    ],
    "isTemplate": false,
    "count": 0,
    "updated": 1528283411
  },
  {
    "id": "e80a0a9f-588b-4654-802f-cd9e6e41ae59",
    "data": [
      {
        "text": "toi chac",
        "userDefined": false
      }
    ],
    "isTemplate": false,
    "count": 0,
    "updated": 1528283411
  },
  {
    "id": "934d7df7-5cb3-4bef-ad92-d33234da9be3",
    "data": [
      {
        "text": "tôi chắc",
        "userDefined": false
      }
    ],
    "isTemplate": false,
    "count": 0,
    "updated": 1528283411
  },
  {
    "id": "26852def-7c23-41a9-b559-fd71017e471b",
    "data": [
      {
        "text": "sure",
        "userDefined": false
      }
    ],
    "isTemplate": false,
    "count": 0,
    "updated": 1528283411
  },
  {
    "id": "b95ee6e0-49fd-466b-ac6c-511a6ca67f73",
    "data": [
      {
        "text": "Tôi chắc chắn",
        "userDefined": false
      }
    ],
    "isTemplate": false,
    "count": 0,
    "updated": 1528283411
  }
]