[
  {
    "id": "6d495694-5891-4ea2-af3d-60bc53c1e627",
    "data": [
      {
        "text": "Căn",
        "userDefined": false
      }
    ],
    "isTemplate": false,
    "count": 0,
    "updated": 1528279344
  },
  {
    "id": "1cc63b48-f2ca-4bbd-8963-13f4a3f70b43",
    "data": [
      {
        "text": "can",
        "userDefined": false
      }
    ],
    "isTemplate": false,
    "count": 0,
    "updated": 1528279344
  },
  {
    "id": "a3d3034e-721e-441f-a55d-124dab2b9238",
    "data": [
      {
        "text": "Căn ",
        "userDefined": false
      },
      {
        "text": "A210",
        "alias": "apartment",
        "meta": "@sys.any",
        "userDefined": true
      }
    ],
    "isTemplate": false,
    "count": 0,
    "updated": 1528279344
  }
]