[
  {
    "id": "1b84e5be-b6c9-4d93-82a1-772a69db36b6",
    "data": [
      {
        "text": "Xin lỗi ạ. Iris không hiểu bạn nói gì.",
        "userDefined": false
      }
    ],
    "isTemplate": false,
    "count": 0,
    "updated": 1528194590
  },
  {
    "id": "e7d5fb93-1e2f-4097-85bd-2a3c126db1fd",
    "data": [
      {
        "text": "Nhập “Xin chào” để bắt đầu cuộc trò chuyện",
        "userDefined": false
      }
    ],
    "isTemplate": false,
    "count": 0,
    "updated": 1528194590
  }
]