[
  {
    "id": "0d8dd5b3-7ce2-4bc3-84d2-63e50106650d",
    "data": [
      {
        "text": "huong ",
        "userDefined": false
      },
      {
        "text": "Nam",
        "alias": "direction",
        "meta": "@direction",
        "userDefined": false
      }
    ],
    "isTemplate": false,
    "count": 0,
    "updated": 1528268735
  },
  {
    "id": "e5335c26-9f62-49e3-94b0-474310aa0ae0",
    "data": [
      {
        "text": "Hướng ",
        "userDefined": false
      },
      {
        "text": "Đông",
        "alias": "direction",
        "meta": "@direction",
        "userDefined": false
      }
    ],
    "isTemplate": false,
    "count": 0,
    "updated": 1528268124
  },
  {
    "id": "970ee8ac-ad25-453a-a444-37ab844685ec",
    "data": [
      {
        "text": "huong",
        "userDefined": false
      }
    ],
    "isTemplate": false,
    "count": 0,
    "updated": 1528268124
  },
  {
    "id": "dc5a5053-4116-45e1-91db-8433af52080b",
    "data": [
      {
        "text": "Hướng",
        "userDefined": false
      }
    ],
    "isTemplate": false,
    "count": 0,
    "updated": 1528268124
  }
]