[
  {
    "id": "b0f91cf3-408e-478d-ac5c-aaafaa725a4e",
    "data": [
      {
        "text": "tang ",
        "userDefined": false
      },
      {
        "text": "1",
        "alias": "number",
        "meta": "@sys.number",
        "userDefined": false
      }
    ],
    "isTemplate": false,
    "count": 1,
    "updated": 1528267121
  },
  {
    "id": "9b41301e-b1b8-4af9-8981-32974efc61a6",
    "data": [
      {
        "text": "tang",
        "userDefined": false
      }
    ],
    "isTemplate": false,
    "count": 0,
    "updated": 1528267121
  },
  {
    "id": "ad5b5d71-ac71-4ac7-8988-c19a759e4f5b",
    "data": [
      {
        "text": "Tầng ",
        "userDefined": false
      },
      {
        "text": "1",
        "alias": "number",
        "meta": "@sys.number",
        "userDefined": false
      }
    ],
    "isTemplate": false,
    "count": 0,
    "updated": 1528267121
  }
]