[
  {
    "id": "c09d7521-96cb-488f-9f4e-83078f81c04e",
    "data": [
      {
        "text": "reset",
        "userDefined": false
      }
    ],
    "isTemplate": false,
    "count": 0,
    "updated": 1528279029
  },
  {
    "id": "77ecb89b-4f81-491a-9c6c-fbb8cac419fb",
    "data": [
      {
        "text": "lam lai",
        "userDefined": false
      }
    ],
    "isTemplate": false,
    "count": 0,
    "updated": 1528279029
  },
  {
    "id": "8c6a4423-3ecd-4158-94bf-088858924635",
    "data": [
      {
        "text": "lam lại",
        "userDefined": false
      }
    ],
    "isTemplate": false,
    "count": 0,
    "updated": 1528279029
  },
  {
    "id": "899a85c4-03d2-487e-9d11-d86d8a80d225",
    "data": [
      {
        "text": "chon lai",
        "userDefined": false
      }
    ],
    "isTemplate": false,
    "count": 0,
    "updated": 1528279029
  },
  {
    "id": "05652731-275b-4217-a942-a6608c1dc07b",
    "data": [
      {
        "text": "Chọn lại",
        "userDefined": false
      }
    ],
    "isTemplate": false,
    "count": 0,
    "updated": 1528279029
  }
]